municipio,dimension,fila,A_ref,categoria_A_ref,S_ref,categoria_S_ref,CA_ref,categoria_CA_ref,V_ref,categoria_V_ref,R_ref,categoria_R_ref,R_SSP2_2040,categoria_R_SSP2_2040,A_SSP3_2060,categoria_A_SSP3_2060,R_SSP3_2060,categoria_R_SSP3_2060,fuente,hoja,celdas,resolucion,baseline_year
Guarne,Riesgo de desastres,15,0.4564623194746462,Bajo,0.3479992626510554,Bajo,0.4856970370370371,Medio,0.40774924701247195,Medio,0.16409677620133575,Bajo,0.16539021555859662,Bajo,0.49813608155830813,Medio,0.18377456651043597,Bajo,https://observatorioambiental.cornare.gov.co/wp-content/uploads/2026/04/Copia-de-M-E-2411_MVRC_Municipios_v3_SIN-RISK.xlsx,Regional Valles SN,D/W/AD/AJ/AP/AV/P/BB15,municipal,
Marinilla,Riesgo de desastres,18,0.6620819753325694,Alto,0.2923890815062524,Bajo,0.6085870370370371,Medio,0.11000000000000001,Muy bajo,0.14980819753325694,Bajo,0.15021060781772022,Bajo,0.7222975924315755,Alto,0.15582975924315756,Bajo,https://observatorioambiental.cornare.gov.co/wp-content/uploads/2026/04/Copia-de-M-E-2411_MVRC_Municipios_v3_SIN-RISK.xlsx,Regional Valles SN,D/W/AD/AJ/AP/AV/P/BB18,municipal,
Rionegro,Riesgo de desastres,19,0.48874488843480324,Medio,0.39645328479805864,Bajo,0.5633170370370371,Medio,0.4823140001397703,Alto,0.28319314665306633,Bajo,0.2843822499783971,Bajo,0.5671433138569221,Medio,0.32065916618780343,Medio,https://observatorioambiental.cornare.gov.co/wp-content/uploads/2026/04/Copia-de-M-E-2411_MVRC_Municipios_v3_SIN-RISK.xlsx,Regional Valles SN,D/W/AD/AJ/AP/AV/P/BB19,municipal,
Guarne,Hábitat Humano,25,0.3164873910846767,Bajo,0.18021687667048494,Muy bajo,0.42633640280388907,Bajo,0.17865987790082302,Bajo,0.06622873796578752,Muy bajo,0.06744594939937858,Muy bajo,0.4027415518696838,Bajo,0.07036411415736621,Muy bajo,https://observatorioambiental.cornare.gov.co/wp-content/uploads/2026/04/Copia-de-M-E-2411_MVRC_Municipios_v3_SIN-RISK.xlsx,Regional Valles SN,D/W/AD/AJ/AP/AV/P/BB25,municipal,
Marinilla,Hábitat Humano,28,0.2618160159118484,Muy bajo,0.21818877434135167,Muy bajo,0.5167610628723472,Medio,0.1528079049652143,Bajo,0.12484035334961704,Muy bajo,0.12488213369466843,Muy bajo,0.27693000229832926,Muy bajo,0.12716049922792128,Muy bajo,https://observatorioambiental.cornare.gov.co/wp-content/uploads/2026/04/Copia-de-M-E-2411_MVRC_Municipios_v3_SIN-RISK.xlsx,Regional Valles SN,D/W/AD/AJ/AP/AV/P/BB28,municipal,
Rionegro,Hábitat Humano,29,0.3628305015295987,Bajo,0.19708044291714397,Muy bajo,0.8349291195676903,Muy alto,0.11000000000000001,Muy bajo,0.045883050152959876,Muy bajo,0.039988212596208494,Muy bajo,0.33443383824519923,Bajo,0.04304338382451993,Muy bajo,https://observatorioambiental.cornare.gov.co/wp-content/uploads/2026/04/Copia-de-M-E-2411_MVRC_Municipios_v3_SIN-RISK.xlsx,Regional Valles SN,D/W/AD/AJ/AP/AV/P/BB29,municipal,
Guarne,Recursos Hídricos,35,0.24400000000000002,Muy bajo,0.600484069264069,Medio,0.5556435985496215,Medio,0.36974423571148485,Medio,0.1339744235711485,Bajo,0.1339744235711485,Bajo,0.2534148219896525,Muy bajo,0.1379727129476912,Bajo,https://observatorioambiental.cornare.gov.co/wp-content/uploads/2026/04/Copia-de-M-E-2411_MVRC_Municipios_v3_SIN-RISK.xlsx,Regional Valles SN,D/W/AD/AJ/AP/AV/P/BB35,municipal,
Marinilla,Recursos Hídricos,38,0.18000000000000002,Muy bajo,0.6610804906204905,Alto,0.47492982127996725,Medio,0.5877428383200247,Alto,0.17377428383200247,Bajo,0.17377428383200247,Bajo,0.19031726770741017,Muy bajo,0.1796776030871243,Bajo,https://observatorioambiental.cornare.gov.co/wp-content/uploads/2026/04/Copia-de-M-E-2411_MVRC_Municipios_v3_SIN-RISK.xlsx,Regional Valles SN,D/W/AD/AJ/AP/AV/P/BB38,municipal,
Rionegro,Recursos Hídricos,39,0.24400000000000002,Muy bajo,0.5787183878238152,Medio,0.5328132914710678,Medio,0.5481168350071375,Alto,0.16981168350071374,Bajo,0.16981168350071374,Bajo,0.2535045191073305,Muy bajo,0.1747791828099911,Bajo,https://observatorioambiental.cornare.gov.co/wp-content/uploads/2026/04/Copia-de-M-E-2411_MVRC_Municipios_v3_SIN-RISK.xlsx,Regional Valles SN,D/W/AD/AJ/AP/AV/P/BB39,municipal,
Guarne,Infraestructura,45,0.32267676885763225,Bajo,0.42856568801075956,Bajo,0.4417291641767696,Bajo,0.5974750424003298,Alto,0.21516551339333476,Bajo,0.2179187987958365,Bajo,0.3665416630743607,Bajo,0.24628080427523968,Bajo,https://observatorioambiental.cornare.gov.co/wp-content/uploads/2026/04/Copia-de-M-E-2411_MVRC_Municipios_v3_SIN-RISK.xlsx,Regional Valles SN,D/W/AD/AJ/AP/AV/P/BB45,municipal,
Marinilla,Infraestructura,48,0.5659197697058396,Medio,0.3552587994057905,Bajo,0.7986255079645942,Alto,0.11000000000000001,Muy bajo,0.07259197697058396,Muy bajo,0.07336896072382929,Muy bajo,0.6487502338760904,Alto,0.08087502338760905,Muy bajo,https://observatorioambiental.cornare.gov.co/wp-content/uploads/2026/04/Copia-de-M-E-2411_MVRC_Municipios_v3_SIN-RISK.xlsx,Regional Valles SN,D/W/AD/AJ/AP/AV/P/BB48,municipal,
Rionegro,Infraestructura,49,0.3425041409322135,Bajo,0.423570926185067,Bajo,0.7324287036576654,Alto,0.32409756314303517,Medio,0.18025609976662219,Bajo,0.18077883014466417,Bajo,0.4175675564134785,Bajo,0.201283010379803,Bajo,https://observatorioambiental.cornare.gov.co/wp-content/uploads/2026/04/Copia-de-M-E-2411_MVRC_Municipios_v3_SIN-RISK.xlsx,Regional Valles SN,D/W/AD/AJ/AP/AV/P/BB49,municipal,
Guarne,Salud Humana,55,0.24400000000000002,Muy bajo,0.2548051948051948,Muy bajo,0.44528000000000006,Bajo,0.14502963295857613,Muy bajo,0.037502963295857616,Muy bajo,0.037502963295857616,Muy bajo,0.24400000000000002,Muy bajo,0.037502963295857616,Muy bajo,https://observatorioambiental.cornare.gov.co/wp-content/uploads/2026/04/Copia-de-M-E-2411_MVRC_Municipios_v3_SIN-RISK.xlsx,Regional Valles SN,D/W/AD/AJ/AP/AV/P/BB55,municipal,
Marinilla,Salud Humana,58,0.24400000000000002,Muy bajo,0.2512034632034632,Muy bajo,0.5107200000000001,Medio,0.2573514307612985,Medio,0.14073514307612986,Bajo,0.14073514307612986,Bajo,0.24400000000000002,Muy bajo,0.14073514307612986,Bajo,https://observatorioambiental.cornare.gov.co/wp-content/uploads/2026/04/Copia-de-M-E-2411_MVRC_Municipios_v3_SIN-RISK.xlsx,Regional Valles SN,D/W/AD/AJ/AP/AV/P/BB58,municipal,
Rionegro,Salud Humana,59,0.28400000000000003,Bajo,0.23792207792207792,Muy bajo,0.57152,Medio,0.11000000000000001,Muy bajo,0.11200000000000002,Muy bajo,0.11200000000000002,Muy bajo,0.28400000000000003,Bajo,0.11200000000000002,Muy bajo,https://observatorioambiental.cornare.gov.co/wp-content/uploads/2026/04/Copia-de-M-E-2411_MVRC_Municipios_v3_SIN-RISK.xlsx,Regional Valles SN,D/W/AD/AJ/AP/AV/P/BB59,municipal,
Guarne,Biodiversidad,65,0.19426708572773776,Muy bajo,0.3670721535835908,Bajo,0.33001547105119483,Bajo,0.33989215199558975,Medio,0.07955985593290918,Muy bajo,0.08139963541114865,Muy bajo,0.21334408760172757,Muy bajo,0.08694962238835244,Muy bajo,https://observatorioambiental.cornare.gov.co/wp-content/uploads/2026/04/Copia-de-M-E-2411_MVRC_Municipios_v3_SIN-RISK.xlsx,Regional Valles SN,D/W/AD/AJ/AP/AV/P/BB65,municipal,
Marinilla,Biodiversidad,68,0.33430560095876194,Bajo,0.5209230765716335,Medio,0.23679504922655603,Muy bajo,0.7449569499472725,Muy alto,0.30810982215145366,Medio,0.30812640444262396,Medio,0.3604626715981466,Bajo,0.3282166626263929,Medio,https://observatorioambiental.cornare.gov.co/wp-content/uploads/2026/04/Copia-de-M-E-2411_MVRC_Municipios_v3_SIN-RISK.xlsx,Regional Valles SN,D/W/AD/AJ/AP/AV/P/BB68,municipal,
Rionegro,Biodiversidad,69,0.29057862375248,Bajo,0.3925948473483886,Bajo,0.2219407145862411,Muy bajo,0.7646721050008883,Muy alto,0.2791936703814485,Bajo,0.28116176308924784,Bajo,0.3131324921023758,Bajo,0.29708655925837507,Bajo,https://observatorioambiental.cornare.gov.co/wp-content/uploads/2026/04/Copia-de-M-E-2411_MVRC_Municipios_v3_SIN-RISK.xlsx,Regional Valles SN,D/W/AD/AJ/AP/AV/P/BB69,municipal,
Guarne,Seguridad alimentaria,75,0.2745124451971958,Muy bajo,0.16721275725943613,Muy bajo,0.4471314285714286,Bajo,0.17735898365377534,Bajo,0.14024957487802203,Bajo,0.14038005587943292,Bajo,0.3039320677406658,Bajo,0.14566861313635981,Bajo,https://observatorioambiental.cornare.gov.co/wp-content/uploads/2026/04/Copia-de-M-E-2411_MVRC_Municipios_v3_SIN-RISK.xlsx,Regional Valles SN,D/W/AD/AJ/AP/AV/P/BB75,municipal,
Marinilla,Seguridad alimentaria,78,0.15261420685548927,Muy bajo,0.19265577435586467,Muy bajo,0.4906126984126984,Medio,0.22684899930031954,Bajo,0.13969618121372446,Bajo,0.1396240914274449,Bajo,0.16433579676411625,Muy bajo,0.1411152048143563,Bajo,https://observatorioambiental.cornare.gov.co/wp-content/uploads/2026/04/Copia-de-M-E-2411_MVRC_Municipios_v3_SIN-RISK.xlsx,Regional Valles SN,D/W/AD/AJ/AP/AV/P/BB78,municipal,
Rionegro,Seguridad alimentaria,79,0.38356158376796745,Bajo,0.20387359781121753,Muy bajo,0.5346031746031746,Medio,0.24301476937970756,Medio,0.15069201616553785,Bajo,0.15072465415198477,Bajo,0.43536180080340714,Bajo,0.15995228832386926,Bajo,https://observatorioambiental.cornare.gov.co/wp-content/uploads/2026/04/Copia-de-M-E-2411_MVRC_Municipios_v3_SIN-RISK.xlsx,Regional Valles SN,D/W/AD/AJ/AP/AV/P/BB79,municipal,
