cartera,estado_cartera,municipio,dimension,medidas_catalogo,mecanismo_esperado,residual_no_estimado,contexto_publicado,fuente_contexto,localizadores_contexto,basal_anio,escenarios,contraste_futuro,condicion_que_cambia_decision,tipo_evidencia,regla_legal
D6,base_provisional,Rionegro,Biodiversidad,03;07;08;09,Capacidad de conservación; cobeneficios por verificar,Sin unidad PSA/restauración; cobertura no demuestra función/conectividad,S/CA/V institucionales disponibles en datos_oficiales.json; no son residual posinversión,https://observatorioambiental.cornare.gov.co/wp-content/uploads/2026/04/Copia-de-M-E-2411_MVRC_Municipios_v3_SIN-RISK.xlsx,sensibilidad:W69;capacidad_adaptativa:AD69;vulnerabilidad:AJ69,NA; año de medición no acreditado,Referencia; SSP2-4.5/2021-2040 contraste equipo; SSP3-7.0/2041-2060,Usar A/R publicados del mismo municipio/dimensión; no recalcular R/V ni asumir futuraV,Sitio/actor/adicionalidad; mantenimiento; amenaza/continuidad exige reconsiderar unidad y costo,contexto institucional + mecanismo inferido + ejecución no realizada,Nuevos valores individuales normalizados sin publicar; B7 aval pendiente
D6,base_provisional,Marinilla,Biodiversidad,03;07;08;09,Capacidad de conservación; cobeneficios por verificar,Sin unidad PSA/restauración; cobertura no demuestra función/conectividad,S/CA/V institucionales disponibles en datos_oficiales.json; no son residual posinversión,https://observatorioambiental.cornare.gov.co/wp-content/uploads/2026/04/Copia-de-M-E-2411_MVRC_Municipios_v3_SIN-RISK.xlsx,sensibilidad:W68;capacidad_adaptativa:AD68;vulnerabilidad:AJ68,NA; año de medición no acreditado,Referencia; SSP2-4.5/2021-2040 contraste equipo; SSP3-7.0/2041-2060,Usar A/R publicados del mismo municipio/dimensión; no recalcular R/V ni asumir futuraV,Sitio/actor/adicionalidad; mantenimiento; amenaza/continuidad exige reconsiderar unidad y costo,contexto institucional + mecanismo inferido + ejecución no realizada,Nuevos valores individuales normalizados sin publicar; B7 aval pendiente
N1,comparador,Rionegro,Biodiversidad,01;03,PSA tres años y gobernanza; no eficacia acreditada,Sin restauración propia; manejo agro/verde sin unidad,S/CA/V institucionales disponibles en datos_oficiales.json; no son residual posinversión,https://observatorioambiental.cornare.gov.co/wp-content/uploads/2026/04/Copia-de-M-E-2411_MVRC_Municipios_v3_SIN-RISK.xlsx,sensibilidad:W69;capacidad_adaptativa:AD69;vulnerabilidad:AJ69,NA; año de medición no acreditado,Referencia; SSP2-4.5/2021-2040 contraste equipo; SSP3-7.0/2041-2060,Usar A/R publicados del mismo municipio/dimensión; no recalcular R/V ni asumir futuraV,Sitio/actor/adicionalidad; mantenimiento; amenaza/continuidad exige reconsiderar unidad y costo,contexto institucional + mecanismo inferido + ejecución no realizada,Nuevos valores individuales normalizados sin publicar; B7 aval pendiente
N1,comparador,Marinilla,Biodiversidad,01;03,PSA tres años y gobernanza; no eficacia acreditada,Sin restauración propia; manejo agro/verde sin unidad,S/CA/V institucionales disponibles en datos_oficiales.json; no son residual posinversión,https://observatorioambiental.cornare.gov.co/wp-content/uploads/2026/04/Copia-de-M-E-2411_MVRC_Municipios_v3_SIN-RISK.xlsx,sensibilidad:W68;capacidad_adaptativa:AD68;vulnerabilidad:AJ68,NA; año de medición no acreditado,Referencia; SSP2-4.5/2021-2040 contraste equipo; SSP3-7.0/2041-2060,Usar A/R publicados del mismo municipio/dimensión; no recalcular R/V ni asumir futuraV,Sitio/actor/adicionalidad; mantenimiento; amenaza/continuidad exige reconsiderar unidad y costo,contexto institucional + mecanismo inferido + ejecución no realizada,Nuevos valores individuales normalizados sin publicar; B7 aval pendiente
D6,base_provisional,Marinilla,Recursos Hídricos,04;07;08;09,Sensibilidad de demanda y capacidad de inversión; vínculos suelo/verde condicionales,Sin rondas/cabeceras; oferta y desabastecimiento no resueltos,S/CA/V institucionales disponibles en datos_oficiales.json; no son residual posinversión,https://observatorioambiental.cornare.gov.co/wp-content/uploads/2026/04/Copia-de-M-E-2411_MVRC_Municipios_v3_SIN-RISK.xlsx,sensibilidad:W38;capacidad_adaptativa:AD38;vulnerabilidad:AJ38,NA; año de medición no acreditado,Referencia; SSP2-4.5/2021-2040 contraste equipo; SSP3-7.0/2041-2060,Usar A/R publicados del mismo municipio/dimensión; no recalcular R/V ni asumir futuraV,Sitio/actor/adicionalidad; mantenimiento; amenaza/continuidad exige reconsiderar unidad y costo,contexto institucional + mecanismo inferido + ejecución no realizada,Nuevos valores individuales normalizados sin publicar; B7 aval pendiente
D6,base_provisional,Rionegro,Recursos Hídricos,04;07;08;09,Sensibilidad de demanda y capacidad de inversión; vínculos suelo/verde condicionales,Sin rondas/cabeceras; oferta y desabastecimiento no resueltos,S/CA/V institucionales disponibles en datos_oficiales.json; no son residual posinversión,https://observatorioambiental.cornare.gov.co/wp-content/uploads/2026/04/Copia-de-M-E-2411_MVRC_Municipios_v3_SIN-RISK.xlsx,sensibilidad:W39;capacidad_adaptativa:AD39;vulnerabilidad:AJ39,NA; año de medición no acreditado,Referencia; SSP2-4.5/2021-2040 contraste equipo; SSP3-7.0/2041-2060,Usar A/R publicados del mismo municipio/dimensión; no recalcular R/V ni asumir futuraV,Sitio/actor/adicionalidad; mantenimiento; amenaza/continuidad exige reconsiderar unidad y costo,contexto institucional + mecanismo inferido + ejecución no realizada,Nuevos valores individuales normalizados sin publicar; B7 aval pendiente
N1,comparador,Marinilla,Recursos Hídricos,04;05,Demanda y conservación ribereña; efecto sobre inundación indirecto,Sin cabeceras; SAT y activos sin unidad,S/CA/V institucionales disponibles en datos_oficiales.json; no son residual posinversión,https://observatorioambiental.cornare.gov.co/wp-content/uploads/2026/04/Copia-de-M-E-2411_MVRC_Municipios_v3_SIN-RISK.xlsx,sensibilidad:W38;capacidad_adaptativa:AD38;vulnerabilidad:AJ38,NA; año de medición no acreditado,Referencia; SSP2-4.5/2021-2040 contraste equipo; SSP3-7.0/2041-2060,Usar A/R publicados del mismo municipio/dimensión; no recalcular R/V ni asumir futuraV,Sitio/actor/adicionalidad; mantenimiento; amenaza/continuidad exige reconsiderar unidad y costo,contexto institucional + mecanismo inferido + ejecución no realizada,Nuevos valores individuales normalizados sin publicar; B7 aval pendiente
N1,comparador,Rionegro,Recursos Hídricos,04;05,Demanda y conservación ribereña; efecto sobre inundación indirecto,Sin cabeceras; SAT y activos sin unidad,S/CA/V institucionales disponibles en datos_oficiales.json; no son residual posinversión,https://observatorioambiental.cornare.gov.co/wp-content/uploads/2026/04/Copia-de-M-E-2411_MVRC_Municipios_v3_SIN-RISK.xlsx,sensibilidad:W39;capacidad_adaptativa:AD39;vulnerabilidad:AJ39,NA; año de medición no acreditado,Referencia; SSP2-4.5/2021-2040 contraste equipo; SSP3-7.0/2041-2060,Usar A/R publicados del mismo municipio/dimensión; no recalcular R/V ni asumir futuraV,Sitio/actor/adicionalidad; mantenimiento; amenaza/continuidad exige reconsiderar unidad y costo,contexto institucional + mecanismo inferido + ejecución no realizada,Nuevos valores individuales normalizados sin publicar; B7 aval pendiente
D6,base_provisional,Rionegro,Seguridad alimentaria,07;08,Sensibilidad erosión/aguaUPA y capacidad manejo/asistencia,UPA/suelos no localizados; no demostrar productividad o seguridad alimentaria,S/CA/V institucionales disponibles en datos_oficiales.json; no son residual posinversión,https://observatorioambiental.cornare.gov.co/wp-content/uploads/2026/04/Copia-de-M-E-2411_MVRC_Municipios_v3_SIN-RISK.xlsx,sensibilidad:W79;capacidad_adaptativa:AD79;vulnerabilidad:AJ79,NA; año de medición no acreditado,Referencia; SSP2-4.5/2021-2040 contraste equipo; SSP3-7.0/2041-2060,Usar A/R publicados del mismo municipio/dimensión; no recalcular R/V ni asumir futuraV,Sitio/actor/adicionalidad; mantenimiento; amenaza/continuidad exige reconsiderar unidad y costo,contexto institucional + mecanismo inferido + ejecución no realizada,Nuevos valores individuales normalizados sin publicar; B7 aval pendiente
D6,base_provisional,Guarne,Seguridad alimentaria,07;08,Sensibilidad erosión/aguaUPA y capacidad manejo/asistencia,UPA/suelos no localizados; no demostrar productividad o seguridad alimentaria,S/CA/V institucionales disponibles en datos_oficiales.json; no son residual posinversión,https://observatorioambiental.cornare.gov.co/wp-content/uploads/2026/04/Copia-de-M-E-2411_MVRC_Municipios_v3_SIN-RISK.xlsx,sensibilidad:W75;capacidad_adaptativa:AD75;vulnerabilidad:AJ75,NA; año de medición no acreditado,Referencia; SSP2-4.5/2021-2040 contraste equipo; SSP3-7.0/2041-2060,Usar A/R publicados del mismo municipio/dimensión; no recalcular R/V ni asumir futuraV,Sitio/actor/adicionalidad; mantenimiento; amenaza/continuidad exige reconsiderar unidad y costo,contexto institucional + mecanismo inferido + ejecución no realizada,Nuevos valores individuales normalizados sin publicar; B7 aval pendiente
N1,comparador,Rionegro,Seguridad alimentaria,NA,Cobeneficios de conservación por verificar,Sin unidades suelos/agro; asistencia y manejo pendientes,S/CA/V institucionales disponibles en datos_oficiales.json; no son residual posinversión,https://observatorioambiental.cornare.gov.co/wp-content/uploads/2026/04/Copia-de-M-E-2411_MVRC_Municipios_v3_SIN-RISK.xlsx,sensibilidad:W79;capacidad_adaptativa:AD79;vulnerabilidad:AJ79,NA; año de medición no acreditado,Referencia; SSP2-4.5/2021-2040 contraste equipo; SSP3-7.0/2041-2060,Usar A/R publicados del mismo municipio/dimensión; no recalcular R/V ni asumir futuraV,Sitio/actor/adicionalidad; mantenimiento; amenaza/continuidad exige reconsiderar unidad y costo,contexto institucional + mecanismo inferido + ejecución no realizada,Nuevos valores individuales normalizados sin publicar; B7 aval pendiente
N1,comparador,Guarne,Seguridad alimentaria,NA,Cobeneficios de conservación por verificar,Sin unidades suelos/agro; asistencia y manejo pendientes,S/CA/V institucionales disponibles en datos_oficiales.json; no son residual posinversión,https://observatorioambiental.cornare.gov.co/wp-content/uploads/2026/04/Copia-de-M-E-2411_MVRC_Municipios_v3_SIN-RISK.xlsx,sensibilidad:W75;capacidad_adaptativa:AD75;vulnerabilidad:AJ75,NA; año de medición no acreditado,Referencia; SSP2-4.5/2021-2040 contraste equipo; SSP3-7.0/2041-2060,Usar A/R publicados del mismo municipio/dimensión; no recalcular R/V ni asumir futuraV,Sitio/actor/adicionalidad; mantenimiento; amenaza/continuidad exige reconsiderar unidad y costo,contexto institucional + mecanismo inferido + ejecución no realizada,Nuevos valores individuales normalizados sin publicar; B7 aval pendiente
D6,base_provisional,Guarne,Hábitat Humano,09,"Función verde urbana propuesta, capacidad bio/infra",Sitio/basal/desempeño/mantenimiento no acreditados; no equivale SUDS,S/CA/V institucionales disponibles en datos_oficiales.json; no son residual posinversión,https://observatorioambiental.cornare.gov.co/wp-content/uploads/2026/04/Copia-de-M-E-2411_MVRC_Municipios_v3_SIN-RISK.xlsx,sensibilidad:W25;capacidad_adaptativa:AD25;vulnerabilidad:AJ25,NA; año de medición no acreditado,Referencia; SSP2-4.5/2021-2040 contraste equipo; SSP3-7.0/2041-2060,Usar A/R publicados del mismo municipio/dimensión; no recalcular R/V ni asumir futuraV,Sitio/actor/adicionalidad; mantenimiento; amenaza/continuidad exige reconsiderar unidad y costo,contexto institucional + mecanismo inferido + ejecución no realizada,Nuevos valores individuales normalizados sin publicar; B7 aval pendiente
N1,comparador,Guarne,Hábitat Humano,NA,Cobeneficios bio/hídricos dependientes de sitio,Sin verde urbano/SUDS; regulación térmica no medida,S/CA/V institucionales disponibles en datos_oficiales.json; no son residual posinversión,https://observatorioambiental.cornare.gov.co/wp-content/uploads/2026/04/Copia-de-M-E-2411_MVRC_Municipios_v3_SIN-RISK.xlsx,sensibilidad:W25;capacidad_adaptativa:AD25;vulnerabilidad:AJ25,NA; año de medición no acreditado,Referencia; SSP2-4.5/2021-2040 contraste equipo; SSP3-7.0/2041-2060,Usar A/R publicados del mismo municipio/dimensión; no recalcular R/V ni asumir futuraV,Sitio/actor/adicionalidad; mantenimiento; amenaza/continuidad exige reconsiderar unidad y costo,contexto institucional + mecanismo inferido + ejecución no realizada,Nuevos valores individuales normalizados sin publicar; B7 aval pendiente
D6,base_provisional,Guarne,Infraestructura,09;14,Capacidad y contexto; continuidad no demostrada,Sin11/12; activo esencial y dependencias desconocidos,S/CA/V institucionales disponibles en datos_oficiales.json; no son residual posinversión,https://observatorioambiental.cornare.gov.co/wp-content/uploads/2026/04/Copia-de-M-E-2411_MVRC_Municipios_v3_SIN-RISK.xlsx,sensibilidad:W45;capacidad_adaptativa:AD45;vulnerabilidad:AJ45,NA; año de medición no acreditado,Referencia; SSP2-4.5/2021-2040 contraste equipo; SSP3-7.0/2041-2060,Usar A/R publicados del mismo municipio/dimensión; no recalcular R/V ni asumir futuraV,Sitio/actor/adicionalidad; mantenimiento; amenaza/continuidad exige reconsiderar unidad y costo,contexto institucional + mecanismo inferido + ejecución no realizada,Nuevos valores individuales normalizados sin publicar; B7 aval pendiente
N1,comparador,Guarne,Infraestructura,14,"Conocimiento, no obra",Sin11/12; continuidad física no adaptada,S/CA/V institucionales disponibles en datos_oficiales.json; no son residual posinversión,https://observatorioambiental.cornare.gov.co/wp-content/uploads/2026/04/Copia-de-M-E-2411_MVRC_Municipios_v3_SIN-RISK.xlsx,sensibilidad:W45;capacidad_adaptativa:AD45;vulnerabilidad:AJ45,NA; año de medición no acreditado,Referencia; SSP2-4.5/2021-2040 contraste equipo; SSP3-7.0/2041-2060,Usar A/R publicados del mismo municipio/dimensión; no recalcular R/V ni asumir futuraV,Sitio/actor/adicionalidad; mantenimiento; amenaza/continuidad exige reconsiderar unidad y costo,contexto institucional + mecanismo inferido + ejecución no realizada,Nuevos valores individuales normalizados sin publicar; B7 aval pendiente
D6,base_provisional,Rionegro,Riesgo de desastres,14,Capacidad de gestión del riesgo; no sistema de alerta comprado,Sin13SAT/10SUDS/11/12; cobertura y respuesta pendientes,S/CA/V institucionales disponibles en datos_oficiales.json; no son residual posinversión,https://observatorioambiental.cornare.gov.co/wp-content/uploads/2026/04/Copia-de-M-E-2411_MVRC_Municipios_v3_SIN-RISK.xlsx,sensibilidad:W19;capacidad_adaptativa:AD19;vulnerabilidad:AJ19,NA; año de medición no acreditado,Referencia; SSP2-4.5/2021-2040 contraste equipo; SSP3-7.0/2041-2060,Usar A/R publicados del mismo municipio/dimensión; no recalcular R/V ni asumir futuraV,Sitio/actor/adicionalidad; mantenimiento; amenaza/continuidad exige reconsiderar unidad y costo,contexto institucional + mecanismo inferido + ejecución no realizada,Nuevos valores individuales normalizados sin publicar; B7 aval pendiente
D6,base_provisional,Guarne,Riesgo de desastres,14,Capacidad de gestión del riesgo; no sistema de alerta comprado,Sin13SAT/10SUDS/11/12; cobertura y respuesta pendientes,S/CA/V institucionales disponibles en datos_oficiales.json; no son residual posinversión,https://observatorioambiental.cornare.gov.co/wp-content/uploads/2026/04/Copia-de-M-E-2411_MVRC_Municipios_v3_SIN-RISK.xlsx,sensibilidad:W15;capacidad_adaptativa:AD15;vulnerabilidad:AJ15,NA; año de medición no acreditado,Referencia; SSP2-4.5/2021-2040 contraste equipo; SSP3-7.0/2041-2060,Usar A/R publicados del mismo municipio/dimensión; no recalcular R/V ni asumir futuraV,Sitio/actor/adicionalidad; mantenimiento; amenaza/continuidad exige reconsiderar unidad y costo,contexto institucional + mecanismo inferido + ejecución no realizada,Nuevos valores individuales normalizados sin publicar; B7 aval pendiente
N1,comparador,Rionegro,Riesgo de desastres,05;14,Rondas hídrica efecto indirecto; capacidad de gestión,Sin13SAT/10SUDS/11/12; rondas no sustituyen alerta,S/CA/V institucionales disponibles en datos_oficiales.json; no son residual posinversión,https://observatorioambiental.cornare.gov.co/wp-content/uploads/2026/04/Copia-de-M-E-2411_MVRC_Municipios_v3_SIN-RISK.xlsx,sensibilidad:W19;capacidad_adaptativa:AD19;vulnerabilidad:AJ19,NA; año de medición no acreditado,Referencia; SSP2-4.5/2021-2040 contraste equipo; SSP3-7.0/2041-2060,Usar A/R publicados del mismo municipio/dimensión; no recalcular R/V ni asumir futuraV,Sitio/actor/adicionalidad; mantenimiento; amenaza/continuidad exige reconsiderar unidad y costo,contexto institucional + mecanismo inferido + ejecución no realizada,Nuevos valores individuales normalizados sin publicar; B7 aval pendiente
N1,comparador,Guarne,Riesgo de desastres,05;14,Rondas hídrica efecto indirecto; capacidad de gestión,Sin13SAT/10SUDS/11/12; rondas no sustituyen alerta,S/CA/V institucionales disponibles en datos_oficiales.json; no son residual posinversión,https://observatorioambiental.cornare.gov.co/wp-content/uploads/2026/04/Copia-de-M-E-2411_MVRC_Municipios_v3_SIN-RISK.xlsx,sensibilidad:W15;capacidad_adaptativa:AD15;vulnerabilidad:AJ15,NA; año de medición no acreditado,Referencia; SSP2-4.5/2021-2040 contraste equipo; SSP3-7.0/2041-2060,Usar A/R publicados del mismo municipio/dimensión; no recalcular R/V ni asumir futuraV,Sitio/actor/adicionalidad; mantenimiento; amenaza/continuidad exige reconsiderar unidad y costo,contexto institucional + mecanismo inferido + ejecución no realizada,Nuevos valores individuales normalizados sin publicar; B7 aval pendiente
D6,base_provisional,Guarne,Salud Humana,09;14,Cobeneficios térmicos/información propuestos,Sin15; vigilancia climatosensible y causalidad pendientes,S/CA/V institucionales disponibles en datos_oficiales.json; no son residual posinversión,https://observatorioambiental.cornare.gov.co/wp-content/uploads/2026/04/Copia-de-M-E-2411_MVRC_Municipios_v3_SIN-RISK.xlsx,sensibilidad:W55;capacidad_adaptativa:AD55;vulnerabilidad:AJ55,NA; año de medición no acreditado,Referencia; SSP2-4.5/2021-2040 contraste equipo; SSP3-7.0/2041-2060,Usar A/R publicados del mismo municipio/dimensión; no recalcular R/V ni asumir futuraV,Sitio/actor/adicionalidad; mantenimiento; amenaza/continuidad exige reconsiderar unidad y costo,contexto institucional + mecanismo inferido + ejecución no realizada,Nuevos valores individuales normalizados sin publicar; B7 aval pendiente
D6,base_provisional,Marinilla,Salud Humana,09;14,Cobeneficios térmicos/información propuestos,Sin15; vigilancia climatosensible y causalidad pendientes,S/CA/V institucionales disponibles en datos_oficiales.json; no son residual posinversión,https://observatorioambiental.cornare.gov.co/wp-content/uploads/2026/04/Copia-de-M-E-2411_MVRC_Municipios_v3_SIN-RISK.xlsx,sensibilidad:W58;capacidad_adaptativa:AD58;vulnerabilidad:AJ58,NA; año de medición no acreditado,Referencia; SSP2-4.5/2021-2040 contraste equipo; SSP3-7.0/2041-2060,Usar A/R publicados del mismo municipio/dimensión; no recalcular R/V ni asumir futuraV,Sitio/actor/adicionalidad; mantenimiento; amenaza/continuidad exige reconsiderar unidad y costo,contexto institucional + mecanismo inferido + ejecución no realizada,Nuevos valores individuales normalizados sin publicar; B7 aval pendiente
D6,base_provisional,Rionegro,Salud Humana,09;14,Cobeneficios térmicos/información propuestos,Sin15; vigilancia climatosensible y causalidad pendientes,S/CA/V institucionales disponibles en datos_oficiales.json; no son residual posinversión,https://observatorioambiental.cornare.gov.co/wp-content/uploads/2026/04/Copia-de-M-E-2411_MVRC_Municipios_v3_SIN-RISK.xlsx,sensibilidad:W59;capacidad_adaptativa:AD59;vulnerabilidad:AJ59,NA; año de medición no acreditado,Referencia; SSP2-4.5/2021-2040 contraste equipo; SSP3-7.0/2041-2060,Usar A/R publicados del mismo municipio/dimensión; no recalcular R/V ni asumir futuraV,Sitio/actor/adicionalidad; mantenimiento; amenaza/continuidad exige reconsiderar unidad y costo,contexto institucional + mecanismo inferido + ejecución no realizada,Nuevos valores individuales normalizados sin publicar; B7 aval pendiente
N1,comparador,Guarne,Salud Humana,14,Información no vigilancia sanitaria integral,Sin15; cobeneficios sanitarios no medidos,S/CA/V institucionales disponibles en datos_oficiales.json; no son residual posinversión,https://observatorioambiental.cornare.gov.co/wp-content/uploads/2026/04/Copia-de-M-E-2411_MVRC_Municipios_v3_SIN-RISK.xlsx,sensibilidad:W55;capacidad_adaptativa:AD55;vulnerabilidad:AJ55,NA; año de medición no acreditado,Referencia; SSP2-4.5/2021-2040 contraste equipo; SSP3-7.0/2041-2060,Usar A/R publicados del mismo municipio/dimensión; no recalcular R/V ni asumir futuraV,Sitio/actor/adicionalidad; mantenimiento; amenaza/continuidad exige reconsiderar unidad y costo,contexto institucional + mecanismo inferido + ejecución no realizada,Nuevos valores individuales normalizados sin publicar; B7 aval pendiente
N1,comparador,Marinilla,Salud Humana,14,Información no vigilancia sanitaria integral,Sin15; cobeneficios sanitarios no medidos,S/CA/V institucionales disponibles en datos_oficiales.json; no son residual posinversión,https://observatorioambiental.cornare.gov.co/wp-content/uploads/2026/04/Copia-de-M-E-2411_MVRC_Municipios_v3_SIN-RISK.xlsx,sensibilidad:W58;capacidad_adaptativa:AD58;vulnerabilidad:AJ58,NA; año de medición no acreditado,Referencia; SSP2-4.5/2021-2040 contraste equipo; SSP3-7.0/2041-2060,Usar A/R publicados del mismo municipio/dimensión; no recalcular R/V ni asumir futuraV,Sitio/actor/adicionalidad; mantenimiento; amenaza/continuidad exige reconsiderar unidad y costo,contexto institucional + mecanismo inferido + ejecución no realizada,Nuevos valores individuales normalizados sin publicar; B7 aval pendiente
N1,comparador,Rionegro,Salud Humana,14,Información no vigilancia sanitaria integral,Sin15; cobeneficios sanitarios no medidos,S/CA/V institucionales disponibles en datos_oficiales.json; no son residual posinversión,https://observatorioambiental.cornare.gov.co/wp-content/uploads/2026/04/Copia-de-M-E-2411_MVRC_Municipios_v3_SIN-RISK.xlsx,sensibilidad:W59;capacidad_adaptativa:AD59;vulnerabilidad:AJ59,NA; año de medición no acreditado,Referencia; SSP2-4.5/2021-2040 contraste equipo; SSP3-7.0/2041-2060,Usar A/R publicados del mismo municipio/dimensión; no recalcular R/V ni asumir futuraV,Sitio/actor/adicionalidad; mantenimiento; amenaza/continuidad exige reconsiderar unidad y costo,contexto institucional + mecanismo inferido + ejecución no realizada,Nuevos valores individuales normalizados sin publicar; B7 aval pendiente
