variable_id,tipo_id,medidas_catalogo,municipios_propuestos,factor_vinculado,nombre,unidad,fuente_url,localizador,linea_base_estado,valor_basal_publicado,anio_periodo,formula_procedimiento,frecuencia_propuesta,custodio_propuesto_no_compromiso,recoge_propuesto_no_compromiso,umbral_revision,decision_si_falta_o_empeora,canal_registro,causalidad,codigo_original_fuente,estado_vinculo_indicador,valor_basal_fisico,anio_basal_fisico,fecha_captura,fecha_corte_documental,tipo_medicion,resolucion_publicable,dependencia_caracterizada,fuente_sha256,ids_solicitudes
InCaBIOSE-01,codigo_oficial,03,Rionegro;Marinilla,CA biodiversidad,Capacidad asociada RUNAP,Índice normalizado SIIVRA; no porcentaje físico,https://observatorioambiental.cornare.gov.co/wp-content/uploads/2026/04/Copia-de-M-E-2637_MVRC_Dimension_Biodiversidad_v3-NORISK.xlsx,Capacidad_adaptativa H29 Rionegro; H26 Marinilla; encabezado original Capacidad_adaptativa!H9,Disponible para lectura interna; publicación individual pendienteB7,NA; extracto individual retenido por revisión de derechos,Conservar año fuente; no inferir2026; ASCA período por indicador; año basal municipal físico null,"Conservar índice institucional y metadata; RUNAP/RNSC/inversión son conceptos distintos, homologar unidad física y denominador con custodio; sin recálculo",Anual propuesta y antes/después del ciclo de registro,CORNARE/municipios,Equipo autorizado MEA y conservación,Sin umbral numérico validado; Pérdida de protección/acuerdo o falta de custodia verificable,Suspender declaración de resultado; levantar basal/validar elegibilidad o reabrir P2 sin superar5000M,Ficha puente al MEA existente; acceso autorizado no ejecutado,No se atribuye ΔS/CA/V/R a gasto ni se recalcula modelo,InCaBIOSE-01,Relación RETO–indicador propuesta; no eficacia ni código propio de medida acreditados,null,null,null,2026-10-07,contexto_institucional_normalizado; no basal físico,municipal/sistema agregado; detalle predial o empresarial requiere autorización,no; no se infiere conexión por vecindad,91bc540bf3c45a692d5114ca6248054d3da198a78077cef93f1f25ff42717a69,null
InCaBIOSE-02,codigo_oficial,03,Rionegro;Marinilla,CA biodiversidad,Capacidad asociada RNSC,Índice normalizado SIIVRA; no porcentaje físico,https://observatorioambiental.cornare.gov.co/wp-content/uploads/2026/04/Copia-de-M-E-2637_MVRC_Dimension_Biodiversidad_v3-NORISK.xlsx,Capacidad_adaptativa J29 Rionegro; J26 Marinilla; encabezado original Capacidad_adaptativa!J9,Disponible para lectura interna; publicación individual pendienteB7,NA; extracto individual retenido por revisión de derechos,Conservar año fuente; no inferir2026; ASCA período por indicador; año basal municipal físico null,"Conservar índice institucional y metadata; RUNAP/RNSC/inversión son conceptos distintos, homologar unidad física y denominador con custodio; sin recálculo",Anual propuesta y antes/después del ciclo de registro,CORNARE/municipios,Equipo autorizado MEA y conservación,Sin umbral numérico validado; Pérdida de protección/acuerdo o falta de custodia verificable,Suspender declaración de resultado; levantar basal/validar elegibilidad o reabrir P2 sin superar5000M,Ficha puente al MEA existente; acceso autorizado no ejecutado,No se atribuye ΔS/CA/V/R a gasto ni se recalcula modelo,InCaBIOSE-02,Relación RETO–indicador propuesta; no eficacia ni código propio de medida acreditados,null,null,null,2026-10-07,contexto_institucional_normalizado; no basal físico,municipal/sistema agregado; detalle predial o empresarial requiere autorización,no; no se infiere conexión por vecindad,91bc540bf3c45a692d5114ca6248054d3da198a78077cef93f1f25ff42717a69,null
InCaBIOSE-03,codigo_oficial,03,Rionegro;Marinilla,CA biodiversidad,Capacidad de inversión biodiversidad,Índice normalizado SIIVRA; no porcentaje físico,https://observatorioambiental.cornare.gov.co/wp-content/uploads/2026/04/Copia-de-M-E-2637_MVRC_Dimension_Biodiversidad_v3-NORISK.xlsx,Capacidad_adaptativa L29 Rionegro; L26 Marinilla; encabezado original Capacidad_adaptativa!L9,Disponible para lectura interna; publicación individual pendienteB7,NA; extracto individual retenido por revisión de derechos,Conservar año fuente; no inferir2026; ASCA período por indicador; año basal municipal físico null,"Conservar índice institucional y metadata; RUNAP/RNSC/inversión son conceptos distintos, homologar unidad física y denominador con custodio; sin recálculo",Anual propuesta y antes/después del ciclo de registro,CORNARE/municipios,Equipo autorizado MEA y conservación,Sin umbral numérico validado; Pérdida de protección/acuerdo o falta de custodia verificable,Suspender declaración de resultado; levantar basal/validar elegibilidad o reabrir P2 sin superar5000M,Ficha puente al MEA existente; acceso autorizado no ejecutado,No se atribuye ΔS/CA/V/R a gasto ni se recalcula modelo,InCaBIOSE-03,Relación RETO–indicador propuesta; no eficacia ni código propio de medida acreditados,null,null,null,2026-10-07,contexto_institucional_normalizado; no basal físico,municipal/sistema agregado; detalle predial o empresarial requiere autorización,no; no se infiere conexión por vecindad,91bc540bf3c45a692d5114ca6248054d3da198a78077cef93f1f25ff42717a69,null
InSensHIDRO-01,codigo_oficial,04,Marinilla;Rionegro,S recursos hídricos,Índice uso del agua,"Índice normalizado SIIVRA, no volumen ni porcentaje",https://observatorioambiental.cornare.gov.co/wp-content/uploads/2026/04/Copia-de-M-E-2603_MVRC_Dimension_recursos_hidricos_v3-NORISK.xlsx,Sensibilidad D26Marinilla/D29Rionegro; ficha5C16; encabezado original Sensibilidad!D9,Disponible interno; basal físico captación/demanda pendiente,NA; extracto individual retenido por revisión de derechos,Conservar año fuente; no inferir2026; ASCA período por indicador; año basal municipal físico null,Conservar indicador institucional; ASCA IUA2018; para operativo medir extracción/demanda y denominador según método acreditado,Ciclo fuente oficial; mensual operativo propuesto,CORNARE/prestador competente,Operador autorizado y equipo MEA,Sin umbral numérico validado; Demanda/oferta registrada deteriora servicio o falta medición,Suspender declaración de resultado; levantar basal/validar elegibilidad o reabrir P2 sin superar5000M,Ficha puente al MEA existente; acceso autorizado no ejecutado,No se atribuye ΔS/CA/V/R a gasto ni se recalcula modelo,InSensHIDRO-01,Relación RETO–indicador propuesta; no eficacia ni código propio de medida acreditados,null,null,null,2026-10-07,contexto_institucional_normalizado; no basal físico,municipal/sistema agregado; detalle predial o empresarial requiere autorización,no; no se infiere conexión por vecindad,39fd23f739f3b5861b09aa45bf41b1314d1a4e13d9e094fb1ab65753c5ef259d,null
InCaHIDRO-04,codigo_oficial,04;05_comparador,Marinilla;Rionegro,CA recursos hídricos,Capacidad de inversión recursos hídricos,Índice SIIVRA; no COP o% originales,https://observatorioambiental.cornare.gov.co/wp-content/uploads/2026/04/Copia-de-M-E-2603_MVRC_Dimension_recursos_hidricos_v3-NORISK.xlsx,Capacidad_adaptativa N26/N29; ficha5/6C16; encabezado original Capacidad_adaptativa!N9,Disponible interno; inversión física y denominador por verificar,NA; extracto individual retenido por revisión de derechos,Conservar año fuente; no inferir2026; ASCA período por indicador; año basal municipal físico null,Conservar institucional; ASCA referenciaDANE2025; validar inversión y valoragregado antes razón física,Anual propuesta,CORNARE/municipios,Equipo presupuestal autorizado/MEA,Sin umbral numérico validado; Sin apropiación/mantenimiento verificables,Suspender declaración de resultado; levantar basal/validar elegibilidad o reabrir P2 sin superar5000M,Ficha puente al MEA existente; acceso autorizado no ejecutado,No se atribuye ΔS/CA/V/R a gasto ni se recalcula modelo,InCaHIDRO-04,Relación RETO–indicador propuesta; no eficacia ni código propio de medida acreditados,null,null,null,2026-10-07,contexto_institucional_normalizado; no basal físico,municipal/sistema agregado; detalle predial o empresarial requiere autorización,no; no se infiere conexión por vecindad,39fd23f739f3b5861b09aa45bf41b1314d1a4e13d9e094fb1ab65753c5ef259d,null
InSensHIDRO-02,codigo_oficial,05_comparador,Marinilla;Rionegro,S recursos hídricos,Desabastecimiento hídrico,Índice normalizado SIIVRA; no% inventado,https://observatorioambiental.cornare.gov.co/wp-content/uploads/2026/04/Copia-de-M-E-2603_MVRC_Dimension_recursos_hidricos_v3-NORISK.xlsx,Sensibilidad F26/F29; ficha6C16; encabezado original Sensibilidad!F9,Disponible interno; basal físico/serie pendiente,NA; extracto individual retenido por revisión de derechos,Conservar año fuente; no inferir2026; ASCA período por indicador; año basal municipal físico null,Conservar institucional ASCA2018; validar indicador y serie con prestador,Ciclo fuente y evento de interrupción,CORNARE/prestador competente,Operador autorizado,Sin umbral numérico validado; Interrupción comprobada o presión fuente cambia selección,Suspender declaración de resultado; levantar basal/validar elegibilidad o reabrir P2 sin superar5000M,Ficha puente al MEA existente; acceso autorizado no ejecutado,No se atribuye ΔS/CA/V/R a gasto ni se recalcula modelo,InSensHIDRO-02,Relación RETO–indicador propuesta; no eficacia ni código propio de medida acreditados,null,null,null,2026-10-07,contexto_institucional_normalizado; no basal físico,municipal/sistema agregado; detalle predial o empresarial requiere autorización,no; no se infiere conexión por vecindad,39fd23f739f3b5861b09aa45bf41b1314d1a4e13d9e094fb1ab65753c5ef259d,null
InCaHIDRO-01,codigo_oficial,05_comparador,Marinilla;Rionegro,CA recursos hídricos,Conservación de recursos hídricos,"Índice normalizado SIIVRA, no COP/km²",https://observatorioambiental.cornare.gov.co/wp-content/uploads/2026/04/Copia-de-M-E-2603_MVRC_Dimension_recursos_hidricos_v3-NORISK.xlsx,Capacidad_adaptativa D26/D29; ficha6C16; encabezado original Capacidad_adaptativa!D9,Disponible interno; inversión física pendiente,NA; extracto individual retenido por revisión de derechos,Conservar año fuente; no inferir2026; ASCA período por indicador; año basal municipal físico null,Conservar institucional ASCA2020–2024; homologar inversión/superficie física con custodio,Anual propuesta,CORNARE/municipios,Equipo autorizado cuenca/MEA,Sin umbral numérico validado; Sin protección del tramo/microcuenca pertinente,Suspender declaración de resultado; levantar basal/validar elegibilidad o reabrir P2 sin superar5000M,Ficha puente al MEA existente; acceso autorizado no ejecutado,No se atribuye ΔS/CA/V/R a gasto ni se recalcula modelo,InCaHIDRO-01,Relación RETO–indicador propuesta; no eficacia ni código propio de medida acreditados,null,null,null,2026-10-07,contexto_institucional_normalizado; no basal físico,municipal/sistema agregado; detalle predial o empresarial requiere autorización,no; no se infiere conexión por vecindad,39fd23f739f3b5861b09aa45bf41b1314d1a4e13d9e094fb1ab65753c5ef259d,null
InCaSAPA01,codigo_oficial,08,Guarne,S/CA seguridad alimentaria,Asistencia técnica BPA,Índice normalizado SIIVRA; no% UPA físico,https://observatorioambiental.cornare.gov.co/wp-content/uploads/2026/04/Copia-de-M-E-2635_MVRC_Dimension_SAPA_v3-NORISK.xlsx,Capacidad_adaptativa D22; fichas8/9; Plan53–54,Disponible lectura interna; basal físico/UPA y año por validar,NA; extracto individual retenido por revisión de derechos,Conservar año fuente; no inferir2026; ASCA período por indicador; año basal municipal físico null,Reutilizar código literal y valor institucional; método físico/cobertura CNA2014 por corroborar enASCA; no confundir asistencia con resultado ambiental,Anual propuesta; visitas estacionales según protocolo local,Municipio/CORNARE/autoridad agro competente,Asociación/equipo técnico autorizado,Sin umbral numérico validado; 07/08 mismo beneficiario-función o no hay suelo/práctica pertinente,Suspender declaración de resultado; levantar basal/validar elegibilidad o reabrir P2 sin superar5000M,Ficha puente al MEA existente; acceso autorizado no ejecutado,No se atribuye ΔS/CA/V/R a gasto ni se recalcula modelo,InCaSAPA01,Código dimensional conservado de P1; ficha8/9 describe nombres sin código impreso; correspondencia operativa propuesta por validar,null,null,null,2026-10-07,contexto_institucional_normalizado; no basal físico,municipal/sistema agregado; detalle predial o empresarial requiere autorización,no; no se infiere conexión por vecindad,null,null
InCaSAPA05,codigo_oficial,07,Rionegro,S/CA seguridad alimentaria,Prácticas manejo del suelo,Índice normalizado SIIVRA; no% UPA físico,https://observatorioambiental.cornare.gov.co/wp-content/uploads/2026/04/Copia-de-M-E-2635_MVRC_Dimension_SAPA_v3-NORISK.xlsx,Capacidad_adaptativa L29; fichas8/9; Plan53–54,Disponible lectura interna; basal físico/UPA y año por validar,NA; extracto individual retenido por revisión de derechos,Conservar año fuente; no inferir2026; ASCA período por indicador; año basal municipal físico null,Reutilizar código literal y valor institucional; método físico/cobertura CNA2014 por corroborar enASCA; no confundir asistencia con resultado ambiental,Anual propuesta; visitas estacionales según protocolo local,Municipio/CORNARE/autoridad agro competente,Asociación/equipo técnico autorizado,Sin umbral numérico validado; 07/08 mismo beneficiario-función o no hay suelo/práctica pertinente,Suspender declaración de resultado; levantar basal/validar elegibilidad o reabrir P2 sin superar5000M,Ficha puente al MEA existente; acceso autorizado no ejecutado,No se atribuye ΔS/CA/V/R a gasto ni se recalcula modelo,InCaSAPA05,Código dimensional conservado de P1; ficha8/9 describe nombres sin código impreso; correspondencia operativa propuesta por validar,null,null,null,2026-10-07,contexto_institucional_normalizado; no basal físico,municipal/sistema agregado; detalle predial o empresarial requiere autorización,no; no se infiere conexión por vecindad,null,null
InCaSAPA06,codigo_oficial,07,Rionegro,S/CA seguridad alimentaria,Áreas conservación UPA,Índice normalizado SIIVRA; no% UPA físico,https://observatorioambiental.cornare.gov.co/wp-content/uploads/2026/04/Copia-de-M-E-2635_MVRC_Dimension_SAPA_v3-NORISK.xlsx,Capacidad_adaptativa N29; fichas8/9; Plan53–54,Disponible lectura interna; basal físico/UPA y año por validar,NA; extracto individual retenido por revisión de derechos,Conservar año fuente; no inferir2026; ASCA período por indicador; año basal municipal físico null,Reutilizar código literal y valor institucional; método físico/cobertura CNA2014 por corroborar enASCA; no confundir asistencia con resultado ambiental,Anual propuesta; visitas estacionales según protocolo local,Municipio/CORNARE/autoridad agro competente,Asociación/equipo técnico autorizado,Sin umbral numérico validado; 07/08 mismo beneficiario-función o no hay suelo/práctica pertinente,Suspender declaración de resultado; levantar basal/validar elegibilidad o reabrir P2 sin superar5000M,Ficha puente al MEA existente; acceso autorizado no ejecutado,No se atribuye ΔS/CA/V/R a gasto ni se recalcula modelo,InCaSAPA06,Código dimensional conservado de P1; ficha8/9 describe nombres sin código impreso; correspondencia operativa propuesta por validar,null,null,null,2026-10-07,contexto_institucional_normalizado; no basal físico,municipal/sistema agregado; detalle predial o empresarial requiere autorización,no; no se infiere conexión por vecindad,null,null
InSensSAPA02,codigo_oficial,07,Rionegro,S/CA seguridad alimentaria,Erosión suelos agrícolas,Índice normalizado SIIVRA; no% UPA físico,https://observatorioambiental.cornare.gov.co/wp-content/uploads/2026/04/Copia-de-M-E-2635_MVRC_Dimension_SAPA_v3-NORISK.xlsx,Sensibilidad F29; fichas8/9; Plan53–54,Disponible lectura interna; basal físico/UPA y año por validar,NA; extracto individual retenido por revisión de derechos,Conservar año fuente; no inferir2026; ASCA período por indicador; año basal municipal físico null,Reutilizar código literal y valor institucional; método físico/cobertura CNA2014 por corroborar enASCA; no confundir asistencia con resultado ambiental,Anual propuesta; visitas estacionales según protocolo local,Municipio/CORNARE/autoridad agro competente,Asociación/equipo técnico autorizado,Sin umbral numérico validado; 07/08 mismo beneficiario-función o no hay suelo/práctica pertinente,Suspender declaración de resultado; levantar basal/validar elegibilidad o reabrir P2 sin superar5000M,Ficha puente al MEA existente; acceso autorizado no ejecutado,No se atribuye ΔS/CA/V/R a gasto ni se recalcula modelo,InSensSAPA02,Código dimensional conservado de P1; ficha8/9 describe nombres sin código impreso; correspondencia operativa propuesta por validar,null,null,null,2026-10-07,contexto_institucional_normalizado; no basal físico,municipal/sistema agregado; detalle predial o empresarial requiere autorización,no; no se infiere conexión por vecindad,null,null
InSensSAPA03,codigo_oficial,08,Guarne,S/CA seguridad alimentaria,Dificultad agua UPA,Índice normalizado SIIVRA; no% UPA físico,https://observatorioambiental.cornare.gov.co/wp-content/uploads/2026/04/Copia-de-M-E-2635_MVRC_Dimension_SAPA_v3-NORISK.xlsx,Sensibilidad H22; fichas8/9; Plan53–54,Disponible lectura interna; basal físico/UPA y año por validar,NA; extracto individual retenido por revisión de derechos,Conservar año fuente; no inferir2026; ASCA período por indicador; año basal municipal físico null,Reutilizar código literal y valor institucional; método físico/cobertura CNA2014 por corroborar enASCA; no confundir asistencia con resultado ambiental,Anual propuesta; visitas estacionales según protocolo local,Municipio/CORNARE/autoridad agro competente,Asociación/equipo técnico autorizado,Sin umbral numérico validado; 07/08 mismo beneficiario-función o no hay suelo/práctica pertinente,Suspender declaración de resultado; levantar basal/validar elegibilidad o reabrir P2 sin superar5000M,Ficha puente al MEA existente; acceso autorizado no ejecutado,No se atribuye ΔS/CA/V/R a gasto ni se recalcula modelo,InSensSAPA03,Código dimensional conservado de P1; ficha8/9 describe nombres sin código impreso; correspondencia operativa propuesta por validar,null,null,null,2026-10-07,contexto_institucional_normalizado; no basal físico,municipal/sistema agregado; detalle predial o empresarial requiere autorización,no; no se infiere conexión por vecindad,null,null
InCaRD-01,codigo_oficial,14,Guarne;Marinilla;Rionegro,CA gestión del riesgo,Acciones de gestión del riesgo,Índice normalizado SIIVRA; no número físico,https://observatorioambiental.cornare.gov.co/wp-content/uploads/2026/04/Copia-de-M-E-2601_MVRC_Dimension_riesgo_desastre_v3-NORISK.xlsx,Capacidad_adaptativa D22/D26/D29; ficha17C16; encabezado original Capacidad_adaptativa!D9,Disponible interno; acciones y calidad/protocolo físicos pendientes,NA; extracto individual retenido por revisión de derechos,Conservar año fuente; no inferir2026; ASCA período por indicador; año basal municipal físico null,Reutilizar institucional ASCA2020–2024; verificar acta/protocolo/competencia y alcance regional unidad600,Trimestral operativo propuesta; ciclo institucional propio,Gestión del riesgo municipal/CORNARE,Coordinador autorizado/MEA,Sin umbral numérico validado; Protocolo no operativo o alcance14 incompatible con unidad catálogo,Suspender declaración de resultado; levantar basal/validar elegibilidad o reabrir P2 sin superar5000M,Ficha puente al MEA existente; acceso autorizado no ejecutado,No se atribuye ΔS/CA/V/R a gasto ni se recalcula modelo,InCaRD-01,Relación RETO–indicador propuesta; no eficacia ni código propio de medida acreditados,null,null,null,2026-10-07,contexto_institucional_normalizado; no basal físico,municipal/sistema agregado; detalle predial o empresarial requiere autorización,no; no se infiere conexión por vecindad,21bcda0a0535796589898c7873e093adda353906097a7e95a61d9fbd90b61861,null
InCaRD-04,codigo_oficial,13_no_financiada,Guarne;Rionegro,CA gestión del riesgo,Cobertura/capacidad asociada SAT,Índice normalizado SIIVRA; no porcentaje SAT,https://observatorioambiental.cornare.gov.co/wp-content/uploads/2026/04/Copia-de-M-E-2601_MVRC_Dimension_riesgo_desastre_v3-NORISK.xlsx,Capacidad_adaptativa J22/J29; ASCA período1994–2024; encabezado original Capacidad_adaptativa!J9,Disponible interno; cobertura funcional actual por levantar,NA; extracto individual retenido por revisión de derechos,Conservar año fuente; no inferir2026; ASCA período por indicador; año basal municipal físico null,"Conservar institucional; prueba de alerta/cobertura/operador sólo con autorización, no asumir14instalaSAT",Revisión inicial y cada evento/cambio relevante,OperadorSAT/gestión del riesgo,Responsable autorizado alerta,Sin umbral numérico validado; Cobertura/tiempo alerta insuficiente según protocolo real dispara comparar13,Suspender declaración de resultado; levantar basal/validar elegibilidad o reabrir P2 sin superar5000M,Ficha puente al MEA existente; acceso autorizado no ejecutado,No se atribuye ΔS/CA/V/R a gasto ni se recalcula modelo,InCaRD-04,Relación RETO–indicador propuesta; no eficacia ni código propio de medida acreditados,null,null,null,2026-10-07,contexto_institucional_normalizado; no basal físico,municipal/sistema agregado; detalle predial o empresarial requiere autorización,no; no se infiere conexión por vecindad,21bcda0a0535796589898c7873e093adda353906097a7e95a61d9fbd90b61861,null
PROP-FUNC-BIO,ID_local_propuesto_no_MEA,03;07;08;09,Rionegro;Marinilla;Guarne,Función/mantenimiento ecosistémico,Estado de cobertura/conectividad/supervivencia según diseño,Unidad física a acordar; no basal medido,https://observatorioambiental.cornare.gov.co/wp-content/uploads/2026/04/M-E-3269-Manual-de-Usuario-Modulo-MEA-1.pdf,Manual77–81 campos/registro; procedimiento local propuesto,NA; medición física o autorización no realizada,NA; medición física pendiente,Conservar año fuente; no inferir2026; ASCA período por indicador; año basal municipal físico null,Inventario autorizado con sitio/diseño y parcelas/fotos comparables; separar ejecución de función; no ΔV causal,Semestral propuesta y temporada crítica,CORNARE/municipios/titulares,Equipo técnico autorizado,Sin umbral numérico validado; Mantenimiento incumplido o deterioro medido,Suspender declaración de resultado; levantar basal/validar elegibilidad o reabrir P2 sin superar5000M,Ficha puente al MEA existente; acceso autorizado no ejecutado,No se atribuye ΔS/CA/V/R a gasto ni se recalcula modelo,"null; PROP es ID local, no código MEA",Relación RETO–indicador propuesta; no eficacia ni código propio de medida acreditados,null,null,null,2026-10-07,operativo_propuesto,municipal/sistema agregado; detalle predial o empresarial requiere autorización,no; no se infiere conexión por vecindad,null,null
PROP-AGUA-OPER,ID_local_propuesto_no_MEA,04,Marinilla;Rionegro,Presión/continuidad hídrica,Demanda/consumo y continuidad del sistema,m³/periodo y horas interrupción según operador,https://observatorioambiental.cornare.gov.co/wp-content/uploads/2026/04/M-E-3269-Manual-de-Usuario-Modulo-MEA-1.pdf,Manual77–81 campos/registro; procedimiento local propuesto,NA; medición física o autorización no realizada,NA; medición física pendiente,Conservar año fuente; no inferir2026; ASCA período por indicador; año basal municipal físico null,"Lecturas verificadas con período, oferta/denominador y límites sistema; no inventar red usuarios",Mensual propuesta y evento,Prestador/autoridad agua,Operador autorizado,Sin umbral numérico validado; Consumo sin basal/comparabilidad o interrupción documentada,Suspender declaración de resultado; levantar basal/validar elegibilidad o reabrir P2 sin superar5000M,Ficha puente al MEA existente; acceso autorizado no ejecutado,No se atribuye ΔS/CA/V/R a gasto ni se recalcula modelo,"null; PROP es ID local, no código MEA",Relación RETO–indicador propuesta; no eficacia ni código propio de medida acreditados,null,null,null,2026-10-07,operativo_propuesto,municipal/sistema agregado; detalle predial o empresarial requiere autorización,no; no se infiere conexión por vecindad,null,null
PROP-VERDE-FUNC,ID_local_propuesto_no_MEA,09,Guarne,Función verde urbana,Regulación térmica/hídrica y mantenimiento del sitio,°C/serie hidrológica/unidad a definir según diseño,https://observatorioambiental.cornare.gov.co/wp-content/uploads/2026/04/M-E-3269-Manual-de-Usuario-Modulo-MEA-1.pdf,Manual77–81 campos/registro; procedimiento local propuesto,NA; medición física o autorización no realizada,NA; medición física pendiente,Conservar año fuente; no inferir2026; ASCA período por indicador; año basal municipal físico null,Sitio autorizado con diseño y basal; registrar temperatura/sombra/escorrentía adecuados al objetivo; no asumirSUDS,Estacional propuesta y mantenimiento,Municipio/CORNARE,Equipo técnico y operador espacio público,Sin umbral numérico validado; No sitio/función demostrada o falta mantenimiento,Suspender declaración de resultado; levantar basal/validar elegibilidad o reabrir P2 sin superar5000M,Ficha puente al MEA existente; acceso autorizado no ejecutado,No se atribuye ΔS/CA/V/R a gasto ni se recalcula modelo,"null; PROP es ID local, no código MEA",Relación RETO–indicador propuesta; no eficacia ni código propio de medida acreditados,null,null,null,2026-10-07,operativo_propuesto,municipal/sistema agregado; detalle predial o empresarial requiere autorización,no; no se infiere conexión por vecindad,null,null
PROP-DEPS,ID_local_propuesto_no_MEA,14;11_12_13_comparadores,Guarne;Marinilla;Rionegro,Continuidad/dependencias desconocidas,Servicio/activo/proveedor/respaldo/recuperación/afectados,Horas interrupción/recuperación y resolución autorizada,https://observatorioambiental.cornare.gov.co/wp-content/uploads/2026/04/M-E-3269-Manual-de-Usuario-Modulo-MEA-1.pdf,Manual77–81 campos/registro; procedimiento local propuesto,NA; medición física o autorización no realizada,NA; medición física pendiente,Conservar año fuente; no inferir2026; ASCA período por indicador; año basal municipal físico null,"Entrevista/registro autorizado con activo y función, responsable y evidencia; no aristas por cercanía ni empresa inventada",Antes selección y ante evento/cambio,Prestadores/gestión riesgo/municipios,Operadores autorizados,Sin umbral numérico validado; Dependencia esencial sin respaldo exige revisar cartera,Suspender declaración de resultado; levantar basal/validar elegibilidad o reabrir P2 sin superar5000M,Ficha puente al MEA existente; acceso autorizado no ejecutado,No se atribuye ΔS/CA/V/R a gasto ni se recalcula modelo,"null; PROP es ID local, no código MEA",Relación RETO–indicador propuesta; no eficacia ni código propio de medida acreditados,null,null,null,2026-10-07,operativo_propuesto,municipal/sistema agregado; detalle predial o empresarial requiere autorización,no; no se infiere conexión por vecindad,null,null
PROP-ELEGIBILIDAD,ID_local_propuesto_no_MEA,03;04;07;08;09;14,Guarne;Marinilla;Rionegro,Implementabilidad/adicionalidad,"Sitio,tenencia,competencia,unidad distinta y antecedente",Registro verificable; no puntaje inventado,https://observatorioambiental.cornare.gov.co/wp-content/uploads/2026/04/M-E-3269-Manual-de-Usuario-Modulo-MEA-1.pdf,Manual77–81 campos/registro; procedimiento local propuesto,NA; medición física o autorización no realizada,NA; medición física pendiente,Conservar año fuente; no inferir2026; ASCA período por indicador; año basal municipal físico null,"Contrastar acuerdos/programas ya existentes, permisos y función;07/08 no doble pago;03/09 protecciónbio vs urbano",Antes contratación y cada cambio de alcance,CORNARE/municipio/titular competente,Responsable documental autorizado,Sin umbral numérico validado; Cualquier condición no acreditada detiene aprobación unidad,Suspender declaración de resultado; levantar basal/validar elegibilidad o reabrir P2 sin superar5000M,Ficha puente al MEA existente; acceso autorizado no ejecutado,No se atribuye ΔS/CA/V/R a gasto ni se recalcula modelo,"null; PROP es ID local, no código MEA",Relación RETO–indicador propuesta; no eficacia ni código propio de medida acreditados,null,null,null,2026-10-07,operativo_propuesto,municipal/sistema agregado; detalle predial o empresarial requiere autorización,no; no se infiere conexión por vecindad,null,null
PROP-D01,propuesto_local,05;06;01,Rionegro;Guarne;Marinilla,recurso_hidrico;biodiversidad,Origen territorial y función abastecedora acreditada,"categoría; código de sistema autorizado; unidad operativa propuesta, por acordar",https://observatorioambiental.cornare.gov.co/pomca/pomca-rio-negro/,F07 hoja 6. Rondas Hídricas C16; F11 tabla3 pp14–15; F09 tabla7.1 p53,Basal físico/funcional no aportado; no implica inexistencia; contexto normalizado separado,null; no nueva exportación de índices,null; requiere fecha real y período comparable,Contrastar POMCA y expediente de abastecimiento; declaración con soporte técnico,Acordar con custodio MEA; captura inicial antes de decisión territorial y remedición comparable; frecuencia oficial específica no confirmada; también tras evento o cambio operativo documentado,CORNARE y operador del sistema,Equipo territorial y referente del operador,"Sin umbral numérico validado; Si se acredita función crítica y mecanismo, comparar rondas/cabeceras/PSA sin presumir equivalencia","N1 incluye PSA/rondas y D6 no; verificar función abastecedora/adicionalidad puede cambiar esa diferencia, sin atribuir mayor eficacia; reabrir las15 y mostrar unidad completa desplazada, costo y saldo",Ficha puente al MEA existente; acceso autorizado no ejecutado,Producto/resultado/atribución separados; cambio observado no prueba efecto causal,null; códigos de contexto InSensHIDRO-02;InCaHIDRO-01;InCaHIDRO-04,"Contexto institucional reutilizado; no identidad con variable funcional, basal físico ni eficacia de intervención",null,null,null,2026-10-07,resultado; propuesto,sistema o microcuenca; no predio individual; salida agregada con autorización,no; no_caracterizada,null,D01
PROP-D02,propuesto_local,04;05;06,Rionegro;Guarne;Marinilla,recurso_hidrico;salud,Demanda necesaria y oferta disponible en período comparable,"m³/h; período y cobertura declarados; unidad operativa propuesta, por acordar",https://observatorioambiental.cornare.gov.co/recurso-hidrico/,F07 hoja 5. Uso Interse RH C16; TV P3-MEA-008/009; F09 tabla7.1 p53; basales M-E2603 recibidos por P1,Basal físico/funcional no aportado; no implica inexistencia; contexto normalizado separado,null; no nueva exportación de índices,null; requiere fecha real y período comparable,"Homologar unidades, medición y denominador; no convertir intensidad sectorial en demanda local",Acordar con custodio MEA; captura inicial antes de decisión territorial y remedición comparable; frecuencia oficial específica no confirmada; también tras evento o cambio operativo documentado,Operador del servicio y custodio del registro de medición,Operador y responsable de medición,"Sin umbral numérico validado; Comparar eficiencia hídrica con protección del origen según déficit verificado, sin imputar caudal","Ambas incluyen eficiencia RETO-04; demanda comparable determina pertinencia y alcance, no elegir por proximidad; reabrir las15 y mostrar unidad completa desplazada, costo y saldo",Ficha puente al MEA existente; acceso autorizado no ejecutado,Producto/resultado/atribución separados; cambio observado no prueba efecto causal,null; códigos de contexto InSensHIDRO-01;InCaHIDRO-04,"Contexto institucional reutilizado; no identidad con variable funcional, basal físico ni eficacia de intervención",null,null,null,2026-10-07,resultado; propuesto,sistema agregado; series técnicas restringidas; salida agregada con autorización,no; no_caracterizada,null,D02
PROP-D03,propuesto_local,11;12;13,Rionegro;Guarne;Marinilla,infraestructura;salud;recurso_hidrico,Insumo mínimo y tolerancia real de interrupción,"fracción nominal; horas, conceptos separados; unidad operativa propuesta, por acordar",https://observatorioambiental.cornare.gov.co/gestion-del-riesgo/,F07 hoja 13. Infra resil C16 (nombre descriptivo); F11 tabla3 pp13–15; F09 tabla7.1 p54,Basal físico/funcional no aportado; no implica inexistencia; contexto normalizado separado,null; no nueva exportación de índices,null; requiere fecha real y período comparable,Contrastar procedimiento de operación y registro de eventos; revisión técnica fechada,Acordar con custodio MEA; captura inicial antes de decisión territorial y remedición comparable; frecuencia oficial específica no confirmada; también tras evento o cambio operativo documentado,Operador del servicio esencial,Responsable de continuidad del operador,"Sin umbral numérico validado; Si servicio crítico carece de alternativa, revisar infraestructura frente a alertas sin asumir reparación por SAT","Ambas carecen de RETO-11/12/13; infraestructura de Guarne permanece sin obra/SAT financiados, sin concluir ausencia de otras capacidades; reabrir las15 y mostrar unidad completa desplazada, costo y saldo",Ficha puente al MEA existente; acceso autorizado no ejecutado,Producto/resultado/atribución separados; cambio observado no prueba efecto causal,null; códigos de contexto InCaINFRA-01;InCa-02,"Contexto institucional reutilizado; no identidad con variable funcional, basal físico ni eficacia de intervención",null,null,null,2026-10-07,resultado; propuesto,sistema agregado; detalle operacional restringido; salida agregada con autorización,no; no_caracterizada,null,D03
PROP-D04,propuesto_local,11;12;13,Rionegro;Guarne;Marinilla,infraestructura;desastres;salud,Ruta funcional crítica y alternativa independiente de causa común,"categoría; tasa funcional y ventana temporal si verificadas; unidad operativa propuesta, por acordar",https://observatorioambiental.cornare.gov.co/gestion-del-riesgo/,F09 tabla7.1 p54; F11 tabla3 pp13–15,Basal físico/funcional no aportado; no implica inexistencia; contexto normalizado separado,null; no nueva exportación de índices,null; requiere fecha real y período comparable,"Revisar registro de uso funcional, exposición e independencia; intersección geográfica no basta",Acordar con custodio MEA; captura inicial antes de decisión territorial y remedición comparable; frecuencia oficial específica no confirmada; también tras evento o cambio operativo documentado,Municipio y operador del sistema de transporte/servicio,Gestor de infraestructura y referente municipal,Sin umbral numérico validado; Comparar punto crítico y aviso/evacuación; justificar restricciones de elegibilidad sin excluir opciones por precio,"Ambas carecen de protección de infraestructura/SAT; acceso crítico verificado obliga a explicitar sacrificio o revisar unidades; reabrir las15 y mostrar unidad completa desplazada, costo y saldo",Ficha puente al MEA existente; acceso autorizado no ejecutado,Producto/resultado/atribución separados; cambio observado no prueba efecto causal,null; códigos de contexto InCaINFRA-01;InCa-02,"Contexto institucional reutilizado; no identidad con variable funcional, basal físico ni eficacia de intervención",null,null,null,2026-10-07,resultado; propuesto,corredor o sistema; sin direcciones empresariales; salida agregada con autorización,no; no_caracterizada,null,D04
PROP-D05,propuesto_local,11;12,Rionegro;Guarne;Marinilla,infraestructura;salud,"Conexión funcional, oferta y respaldo disponible","kW; kWh de reserva; horas de autonomía observada; unidad operativa propuesta, por acordar",https://observatorioambiental.cornare.gov.co/gestion-del-riesgo/,"F09 tabla7.1 p54: cobertura eléctrica/internet y consumo, sin código atribuido a autonomía",Basal físico/funcional no aportado; no implica inexistencia; contexto normalizado separado,null; no nueva exportación de índices,null; requiere fecha real y período comparable,"Contrastar conexión, estado y autonomía documentada; línea cercana no demuestra alimentación",Acordar con custodio MEA; captura inicial antes de decisión territorial y remedición comparable; frecuencia oficial específica no confirmada; también tras evento o cambio operativo documentado,Operador del servicio y titular del respaldo,Responsable de operación y mantenimiento,Sin umbral numérico validado; Revisar intervención de servicio esencial y residual de continuidad sin inventar respaldo,"Ambas carecen de obra de infraestructura/SAT; no suponer autonomía ni independencia de servicios de Guarne; reabrir las15 y mostrar unidad completa desplazada, costo y saldo",Ficha puente al MEA existente; acceso autorizado no ejecutado,Producto/resultado/atribución separados; cambio observado no prueba efecto causal,null; códigos de contexto null,"Contexto institucional reutilizado; no identidad con variable funcional, basal físico ni eficacia de intervención",null,null,null,2026-10-07,resultado; propuesto,agregado autorizado; conexión/detalle restringidos; salida agregada con autorización,no; no_caracterizada,null,D05
PROP-D06,propuesto_local,10;05;13,Rionegro;Guarne;Marinilla,habitat;desastres;infraestructura,"Escorrentía, capacidad de drenaje y función del sitio SUDS","unidad hidrológica declarada; m³/s y m³ solo si medidos/modelados institucionalmente; unidad operativa propuesta, por acordar",https://observatorioambiental.cornare.gov.co/gestion-del-riesgo/,F07 hoja 11. SUDS C16 (nombres descriptivos); F11 tabla3 pp13–15; F09 tabla7.1 p54,Basal físico/funcional no aportado; no implica inexistencia; contexto normalizado separado,null; no nueva exportación de índices,null; requiere fecha real y período comparable,"Contrastar estudio oficial, drenaje y restricciones del sitio; no convertir mapa de amenaza en daño",Acordar con custodio MEA; captura inicial antes de decisión territorial y remedición comparable; frecuencia oficial específica no confirmada; también tras evento o cambio operativo documentado,Municipio y operador del drenaje,Equipo territorial y referente técnico municipal,Sin umbral numérico validado; Comparar SUDS/rondas/alertas por mecanismo y localización; no atribuir igual función,"D6 financia espacio verde RETO-09, no SUDS RETO-10; ninguna incluye SUDS. Función hidráulica determina residual y evita equivalencia; reabrir las15 y mostrar unidad completa desplazada, costo y saldo",Ficha puente al MEA existente; acceso autorizado no ejecutado,Producto/resultado/atribución separados; cambio observado no prueba efecto causal,null; códigos de contexto InCaINFRA-01;InSensBIOSE-01,"Contexto institucional reutilizado; no identidad con variable funcional, basal físico ni eficacia de intervención",null,null,null,2026-10-07,resultado; propuesto,sistema urbano a escala autorizada; sin predios ficticios; salida agregada con autorización,no; no_caracterizada,null,D06
PROP-D07,propuesto_local,13;14;11;12,Rionegro;Guarne;Marinilla,desastres;salud;infraestructura,"Cobertura funcional, comunicación y protocolo probado","cobertura con denominador; horas o minutos de respuesta; unidad operativa propuesta, por acordar",https://observatorioambiental.cornare.gov.co/gestion-del-riesgo/,"F07 hoja 16. SAT C16–C19 y hoja 17. Cono del riesgo C16; F11 tabla3 pp14–15; F09 tabla7.1 p55; TV P3-MEA-015 para conocimiento, sin equivalencia a SAT",Basal físico/funcional no aportado; no implica inexistencia; contexto normalizado separado,null; no nueva exportación de índices,null; requiere fecha real y período comparable,"Revisar interoperabilidad, umbrales oficiales y ejercicio documentado; equipos no bastan",Acordar con custodio MEA; captura inicial antes de decisión territorial y remedición comparable; frecuencia oficial específica no confirmada; también tras evento o cambio operativo documentado,Referente municipal de gestión del riesgo y custodio del sistema,Responsable de protocolo y coordinación municipal,"Sin umbral numérico validado; Si falta capacidad de respuesta acreditada, revisar SAT/conocimiento frente a protección física, sin sustituir funciones","Ambas incluyen conocimiento RETO-14; no equivale a SAT RETO-13 ni acredita protocolo o respuesta efectiva; reabrir las15 y mostrar unidad completa desplazada, costo y saldo",Ficha puente al MEA existente; acceso autorizado no ejecutado,Producto/resultado/atribución separados; cambio observado no prueba efecto causal,null; códigos de contexto InCaRD-01;InCaRD-04;InCaRD-05;InCaRD-06,"Contexto institucional reutilizado; no identidad con variable funcional, basal físico ni eficacia de intervención",null,null,null,2026-10-07,resultado; propuesto,agregado público autorizado; puntos sensibles restringidos; salida agregada con autorización,no; no_caracterizada,null,D07
PROP-D08,propuesto_local,01;02;03;05,Rionegro;Guarne;Marinilla,biodiversidad;recurso_hidrico,"Cobertura, continuidad de acuerdos y mantenimiento años 2 y 3","ha verificadas; estado y horizonte del acuerdo; unidad operativa propuesta, por acordar",https://observatorioambiental.cornare.gov.co/gestion-de-la-biodiversidad/serviciosecosistemicos/,F07 hoja 3. PSA C16; F09 tabla7.1 p52–53; F11 tabla3; códigos BIO P1 preservados literalmente en codigos_p1_transcritos sin equiparación de header,Basal físico/funcional no aportado; no implica inexistencia; contexto normalizado separado,null; no nueva exportación de índices,null; requiere fecha real y período comparable,Contrastar antecedente AM con expediente vigente y cobertura; no adjuntar predios/beneficiarios identificables,Acordar con custodio MEA; captura inicial antes de decisión territorial y remedición comparable; frecuencia oficial específica no confirmada; también tras evento o cambio operativo documentado,Custodio del programa ambiental y referente municipal,Responsable del programa y seguimiento territorial,Sin umbral numérico validado; Comparar continuidad y complementariedad con nueva unidad sin descontar inversión histórica del precio,"Ambas incluyen áreas protegidas RETO-03; N1 además PSA RETO-01/rondas RETO-05. Verificar acuerdos/adicionalidad sin duplicar cobertura; reabrir las15 y mostrar unidad completa desplazada, costo y saldo",Ficha puente al MEA existente; acceso autorizado no ejecutado,Producto/resultado/atribución separados; cambio observado no prueba efecto causal,null; códigos de contexto InCa-01,"Contexto institucional reutilizado; no identidad con variable funcional, basal físico ni eficacia de intervención",null,null,null,2026-10-07,producto_y_resultado_separados; propuesto,agregado autorizado; acuerdos y datos prediales individuales restringidos; salida agregada con autorización,no; no_caracterizada,null,D08
PROP-D09,propuesto_local,01;03;04;05;07;08;09;10;11;12;13;14,Rionegro;Guarne;Marinilla,salud;seguridad_alimentaria;recurso_hidrico,Universo cubierto y solapamiento entre intervenciones,"conteo agregado; denominador y período; unidad operativa propuesta, por acordar",https://observatorioambiental.cornare.gov.co/gestion-de-la-biodiversidad/serviciosecosistemicos/,F04 productos municipales; no se atribuye código MEA a desduplicación de usuarios,Basal físico/funcional no aportado; no implica inexistencia; contexto normalizado separado,null; no nueva exportación de índices,null; requiere fecha real y período comparable,Contrastar universo y cohortes; no sumar conjuntos posiblemente solapados,Acordar con custodio MEA; captura inicial antes de decisión territorial y remedición comparable; frecuencia oficial específica no confirmada; también tras evento o cambio operativo documentado,Custodio estadístico del programa o servicio,Responsable de medición y cobertura,Sin umbral numérico validado; Evitar doble beneficio; comparar alcance y sacrificios territoriales con cobertura autorizada,"Contrastar cobertura única de N1/D6; no sumar hectáreas, usuarios o familias de programas potencialmente solapados; reabrir las15 y mostrar unidad completa desplazada, costo y saldo",Ficha puente al MEA existente; acceso autorizado no ejecutado,Producto/resultado/atribución separados; cambio observado no prueba efecto causal,null; códigos de contexto null,"Contexto institucional reutilizado; no identidad con variable funcional, basal físico ni eficacia de intervención",null,null,null,2026-10-07,producto_o_resultado_por_definir; propuesto,anonimización revisada; sin empresas/personas/direcciones; salida agregada con autorización,no; no_caracterizada,null,D09
PROP-D10,propuesto_local,01;03;04;05;07;08;09;10;11;12;13;14,Rionegro;Guarne;Marinilla,biodiversidad;recurso_hidrico;seguridad_alimentaria;habitat;infraestructura;desastres;salud,"A/S/CA/V/R con referencia, horizonte intermedio y SSP3-7.0/2060","índice o categoría institucional; escala original; unidad operativa propuesta, por acordar",https://observatorioambiental.cornare.gov.co/crecimiento-verde-y-cambio-climatico/cambio-climatico/,F06 y selectores públicos; no se atribuye código de indicador a escenario/ID de visor,Basal físico/funcional no aportado; no implica inexistencia; contexto normalizado separado,null; no nueva exportación de índices,null; requiere fecha real y período comparable,"Localizar fichero, componente, dimensión, escenario/horizonte; conservar resolución",Acordar con custodio MEA; captura inicial antes de decisión territorial y remedición comparable; frecuencia oficial específica no confirmada; también tras evento o cambio operativo documentado,CORNARE custodio del estudio y fichas,Lector de fuentes y referente climático institucional,Sin umbral numérico validado; Revisar mantiene/modifica/reemplaza cada unidad; contraste parcial si faltan insumos,"No se prueba robustez completa de N1 ni D6 ante SSP3-7.0/2060 sin componentes y escenarios comparables; reabrir las15 y mostrar unidad completa desplazada, costo y saldo",Ficha puente al MEA existente; acceso autorizado no ejecutado,Producto/resultado/atribución separados; cambio observado no prueba efecto causal,null; códigos de contexto null,"Contexto institucional reutilizado; no identidad con variable funcional, basal físico ni eficacia de intervención",null,null,null,2026-10-07,resultado_institucional_pendiente; propuesto,fuente pública o agregado autorizado; salida agregada con autorización,no; no_caracterizada,null,D10
PROP-D11,propuesto_local,01;03;04;05;07;08;09;10;11;12;13;14,Rionegro;Guarne;Marinilla,biodiversidad;recurso_hidrico;habitat;infraestructura;desastres,"Cupo elegible, restricciones de sitio y continuidad sin doble financiación","unidad funcional completa; COP enteros y horizonte; unidad operativa propuesta, por acordar",https://observatorioambiental.cornare.gov.co/ordenamiento-ambiental-del-territorio/determinantes-ambientales/,F05; regla de cupo/eligibilidad no es un indicador climático,Basal físico/funcional no aportado; no implica inexistencia; contexto normalizado separado,null; no nueva exportación de índices,null; requiere fecha real y período comparable,"Contrastar catálogo p.5, determinantes y expediente; aclarar repetición/unidad compartida",Acordar con custodio MEA; captura inicial antes de decisión territorial y remedición comparable; frecuencia oficial específica no confirmada; también tras evento o cambio operativo documentado,CORNARE y custodio municipal/programa de la unidad,Equipo de cartera y referente territorial,Sin umbral numérico validado; Cambiar conjunto elegible y máximo condicionado; costo/conteo único para unidad multimunicipal,"Cupos/sitio/repetición pueden cambiar elegibilidad de N1/D6; no excluir RETO-07/08/09 mediante filtro propio ni crear unidades dobles; reabrir las15 y mostrar unidad completa desplazada, costo y saldo",Ficha puente al MEA existente; acceso autorizado no ejecutado,Producto/resultado/atribución separados; cambio observado no prueba efecto causal,null; códigos de contexto null,"Contexto institucional reutilizado; no identidad con variable funcional, basal físico ni eficacia de intervención",null,null,null,2026-10-07,producto_y_resultado_separados; propuesto,sitio agregado público; habilitantes restringidos según autorización; salida agregada con autorización,no; no_caracterizada,null,D11
PROP-D12,propuesto_local,01;03;04;05;07;08;09;10;11;12;13;14,Rionegro;Guarne;Marinilla,biodiversidad;recurso_hidrico;seguridad_alimentaria;habitat;infraestructura;desastres;salud,"Ficha MEA, fórmula, base, fecha, método, frecuencia y responsable","unidad/fórmula oficiales o pendiente explícita; unidad operativa propuesta, por acordar",https://observatorioambiental.cornare.gov.co/crecimiento-verde-y-cambio-climatico/cambio-climatico/,F07 C16–C19 según hoja; F11 tabla3; basales comunicados por P1 en M-E2603/2601/2637,Basal físico/funcional no aportado; no implica inexistencia; contexto normalizado separado,null; no nueva exportación de índices,null; requiere fecha real y período comparable,Confirmar código/ficha y método comparable; distinguir gestión de resultado; revisar cambios de contexto,Acordar con custodio MEA; captura inicial antes de decisión territorial y remedición comparable; frecuencia oficial específica no confirmada; también tras evento o cambio operativo documentado,Custodio MEA de CORNARE y registro de medición pertinente,Responsable MEA y custodio del indicador,"Sin umbral numérico validado; Definir remedición y condición de ajuste, sin calcular reducción porcentual sin base","Reutilizar MEA para seguimiento de ambas; un basal normalizado no permite calcular efecto de la unidad ni reducción causal anual; reabrir las15 y mostrar unidad completa desplazada, costo y saldo",Ficha puente al MEA existente; acceso autorizado no ejecutado,Producto/resultado/atribución separados; cambio observado no prueba efecto causal,null; códigos de contexto InSensHIDRO-02;InCaHIDRO-01;InCaHIDRO-04;InCaRD-01;InCaRD-04;InCa-01,"Contexto institucional reutilizado; no identidad con variable funcional, basal físico ni eficacia de intervención",null,null,null,2026-10-07,resultado; propuesto,agregado autorizado; mediciones individuales restringidas; salida agregada con autorización,no; no_caracterizada,null,D12
PROP-D13,propuesto_local,07;08;04,Rionegro;Guarne;Marinilla,seguridad_alimentaria;biodiversidad;recurso_hidrico,"Prácticas de manejo, suelo agrícola degradado por erosión y alcance elegible","ha; número de UPA y denominador; categorías del estudio sin recalcular índice; unidad operativa propuesta, por acordar",https://observatorioambiental.cornare.gov.co/wp-content/uploads/2026/04/Copia-de-M-E-2852-Plan-Adaptacion-Regional-VSN-CORNARE-v2.pdf,"F07 hoja 8. Protección suelo C16/C18 (duplicado), C17/C19/C20; F09 tabla7.1 p53; TV P3-MEA-020–023; código no localizado, unidades oficiales no homogéneas",Basal físico/funcional no aportado; no implica inexistencia; contexto normalizado separado,null; no nueva exportación de índices,null; requiere fecha real y período comparable,Comparar expediente de suelo/UPA y denominador con indicador institucional; no inferir predio ni conexión por mapa,Acordar con custodio MEA; captura inicial antes de decisión territorial y remedición comparable; frecuencia oficial específica no confirmada; también tras evento o cambio operativo documentado,Municipio y custodio técnico agroambiental,Referente agroambiental municipal y responsable de medición territorial,"Sin umbral numérico validado; D6 incluye suelos RETO-07 y N1 no; función/sitio/elegibilidad confirmados cambian comparación, sin excluir opción por filtro propio","D6 incluye suelos RETO-07 y N1 no; función/sitio/elegibilidad confirmados cambian comparación, sin excluir opción por filtro propio; reabrir las15 y mostrar unidad completa desplazada, costo y saldo",Ficha puente al MEA existente; acceso autorizado no ejecutado,Producto/resultado/atribución separados; cambio observado no prueba efecto causal,null; códigos de contexto null,"Contexto institucional reutilizado; no identidad con variable funcional, basal físico ni eficacia de intervención",null,null,null,2026-10-07,producto_y_resultado_separados; propuesto,sistema o unidad territorial agregada; predios/UPA no identificados; salida agregada con autorización,no; no_caracterizada,null,D13
PROP-D14,propuesto_local,08;07;04,Rionegro;Guarne;Marinilla,seguridad_alimentaria;recurso_hidrico,"Dificultades de uso de agua de UPA, asistencia técnica y universo productivo","conteo UPA; proporción con denominador verificado; período; unidad operativa propuesta, por acordar",https://observatorioambiental.cornare.gov.co/wp-content/uploads/2026/04/Copia-de-M-E-2852-Plan-Adaptacion-Regional-VSN-CORNARE-v2.pdf,"F07 hoja 9. Prod agroeco C16–C22; F09 tabla7.1 p54; TV P3-MEA-024–030; código no localizado, unidad del indicador no homologada por semejanza",Basal físico/funcional no aportado; no implica inexistencia; contexto normalizado separado,null; no nueva exportación de índices,null; requiere fecha real y período comparable,Reusar indicador oficial de UPA/agua/asistencia; verificar universo y periodicidad sin imputar rendimiento o ahorro,Acordar con custodio MEA; captura inicial antes de decisión territorial y remedición comparable; frecuencia oficial específica no confirmada; también tras evento o cambio operativo documentado,Custodio municipal agropecuario y registro del programa,Responsable técnico agropecuario y custodio de medición,Sin umbral numérico validado; D6 incluye agroecología RETO-08 y N1 no; ambas eficiencia04. Verificar función/cohortes evita contar dos veces agua o usuarios,"D6 incluye agroecología RETO-08 y N1 no; ambas eficiencia04. Verificar función/cohortes evita contar dos veces agua o usuarios; reabrir las15 y mostrar unidad completa desplazada, costo y saldo",Ficha puente al MEA existente; acceso autorizado no ejecutado,Producto/resultado/atribución separados; cambio observado no prueba efecto causal,null; códigos de contexto null,"Contexto institucional reutilizado; no identidad con variable funcional, basal físico ni eficacia de intervención",null,null,null,2026-10-07,producto_y_resultado_separados; propuesto,sistema o unidad territorial agregada; predios/UPA no identificados; salida agregada con autorización,no; no_caracterizada,null,D14
PROP-D15,propuesto_local,09;10;03,Rionegro;Guarne;Marinilla,habitat;infraestructura;biodiversidad,"Función y sitio elegible del área verde, cobertura y mantenimiento","ha; categoría funcional; cobertura con denominador; unidad operativa propuesta, por acordar",https://observatorioambiental.cornare.gov.co/wp-content/uploads/2026/04/Copia-de-M-E-2852-Plan-Adaptacion-Regional-VSN-CORNARE-v2.pdf,F07 hoja 10. Espacio verde C16/C17; F09 tabla7.1 p54; TV P3-MEA-031/032; C12 menciona tres municipios sin cifras/año/sitio; indicadores inversión no son desempeño,Basal físico/funcional no aportado; no implica inexistencia; contexto normalizado separado,null; no nueva exportación de índices,null; requiere fecha real y período comparable,Contrastar ficha oficial y función del sitio; separar inversión/área de desempeño y no equiparar verde a SUDS,Acordar con custodio MEA; captura inicial antes de decisión territorial y remedición comparable; frecuencia oficial específica no confirmada; también tras evento o cambio operativo documentado,Municipio y custodio del espacio público/programa ambiental,Referente de espacio público y equipo territorial,"Sin umbral numérico validado; D6 incluye verde RETO-09 y N1 no; ninguna SUDS10. La función verificada cambia residual de hábitat, no acredita protección hidráulica total","D6 incluye verde RETO-09 y N1 no; ninguna SUDS10. La función verificada cambia residual de hábitat, no acredita protección hidráulica total; reabrir las15 y mostrar unidad completa desplazada, costo y saldo",Ficha puente al MEA existente; acceso autorizado no ejecutado,Producto/resultado/atribución separados; cambio observado no prueba efecto causal,null; códigos de contexto InCaINFRA-01,"Contexto institucional reutilizado; no identidad con variable funcional, basal físico ni eficacia de intervención",null,null,null,2026-10-07,producto_y_resultado_separados; propuesto,sistema o unidad territorial agregada; predios/UPA no identificados; salida agregada con autorización,no; no_caracterizada,null,D15
