id_local_no_codigo_mea,dimension,medida,unidad_funcional_resumida,costo_millones_cop,costo_cop,indivisible,fuente,pagina
RETO-01,Biodiversidad,Instrumentos de compensación y Pago por Servicios Ambientales — PSA,Programa territorial de conservación/restauración de áreas estratégicas durante 3 años,1200,1200000000,si,RETO CLIMATE WEEK HACKATHON.pdf,5
RETO-02,Biodiversidad,Restauración de ecosistemas estratégicos,"Intervención integral aproximada de 100 ha, mantenimiento inicial y seguimiento",1500,1500000000,si,RETO CLIMATE WEEK HACKATHON.pdf,5
RETO-03,Biodiversidad,Fortalecimiento de sistemas de áreas protegidas,"Identificación, gestión, acuerdos, conectividad y fortalecimiento en el corredor",700,700000000,si,RETO CLIMATE WEEK HACKATHON.pdf,5
RETO-04,Recurso hídrico,Uso intersectorial eficiente del recurso hídrico,"Programa para grandes usuarios: diagnóstico, medición, eficiencia, reúso y seguimiento",900,900000000,si,RETO CLIMATE WEEK HACKATHON.pdf,5
RETO-05,Recurso hídrico,Protección y recuperación de rondas hídricas,Intervención integral de corredores ribereños priorizados,1300,1300000000,si,RETO CLIMATE WEEK HACKATHON.pdf,5
RETO-06,Recurso hídrico,Protección de cabeceras de cuenca y ecosistemas abastecedores,Intervención de una microcuenca o sistema abastecedor estratégico,1600,1600000000,si,RETO CLIMATE WEEK HACKATHON.pdf,5
RETO-07,Seguridad alimentaria,Protección y reconversión de suelos agrícolas estratégicos,"Programa territorial con productores: asistencia, reconversión y conservación de suelo y agua",1000,1000000000,si,RETO CLIMATE WEEK HACKATHON.pdf,5
RETO-08,Seguridad alimentaria,Producción agroecológica y economía rural resiliente,"Programa de asistencia técnica, manejo de suelo/agua, asociatividad y adaptación productiva",800,800000000,si,RETO CLIMATE WEEK HACKATHON.pdf,5
RETO-09,Hábitat,Espacios verdes urbanos,Corredor o área verde multifuncional,1000,1000000000,si,RETO CLIMATE WEEK HACKATHON.pdf,5
RETO-10,Hábitat,Sistemas Urbanos de Drenaje Sostenible — SUDS,Intervención piloto de escala municipal,1800,1800000000,si,RETO CLIMATE WEEK HACKATHON.pdf,5
RETO-11,Infraestructura,Infraestructura resiliente al cambio climático,"Adecuación de un punto crítico de infraestructura, vía o servicio",2500,2500000000,si,RETO CLIMATE WEEK HACKATHON.pdf,5
RETO-12,Infraestructura,Fortalecimiento de infraestructura resiliente y servicios públicos,Intervención focalizada de infraestructura o servicio esencial,2000,2000000000,si,RETO CLIMATE WEEK HACKATHON.pdf,5
RETO-13,Riesgo de desastres,Fortalecimiento de Sistemas de Alerta Temprana — SAT,"Sistema interoperable para puntos críticos del corredor: instrumentación, comunicaciones y protocolos",1200,1200000000,si,RETO CLIMATE WEEK HACKATHON.pdf,5
RETO-14,Riesgo de desastres,"Conocimiento y comunicación sobre amenazas, vulnerabilidad y riesgo climático","Estudios, modelación, instrumentación básica, protocolos y plataforma de información",600,600000000,si,RETO CLIMATE WEEK HACKATHON.pdf,5
RETO-15,Salud,Sistema de salud y entornos saludables resilientes al clima,"Vigilancia climato-sensible, capacidades institucionales, prevención y respuesta",800,800000000,si,RETO CLIMATE WEEK HACKATHON.pdf,5
